0.11376969516277313	0.8862302899360657	0.12596410512924194
0.4780481159687042	0.4133009612560272	0.6983352899551392
0.8575208187103271	0.6525196433067322	0.6217146515846252
0.880544900894165	0.4992273449897766	0.586031436920166
0.29868024587631226	0.4781649708747864	0.33546680212020874
0.32560211420059204	0.39631903171539307	0.5005866289138794
0.11376969516277313	0.37916329503059387	0.11376969516277313
0.4770166873931885	0.5052026510238647	0.11376969516277313
0.83827805519104	0.8786336779594421	0.2895004451274872
0.15066809952259064	0.3052849769592285	0.5372098684310913
0.1169346272945404	0.11376969516277313	0.6729980707168579
0.8862302899360657	0.7011124491691589	0.442831814289093
0.6680952310562134	0.297149121761322	0.4788391590118408
0.23379674553871155	0.709994375705719	0.8862302899360657
0.11376969516277313	0.6617687344551086	0.6729740500450134
0.8339879512786865	0.8641270995140076	0.5557806491851807
0.8862302899360657	0.3446030020713806	0.6682587265968323
0.5390544533729553	0.11376969516277313	0.701504111289978
0.8671125769615173	0.11376969516277313	0.5044679641723633
0.677125096321106	0.7287580370903015	0.2500111162662506
0.6369035840034485	0.8701526522636414	0.48886579275131226
0.322195440530777	0.7551935315132141	0.693697452545166
0.881796658039093	0.5028539896011353	0.7935681343078613
0.1616286188364029	0.11376969516277313	0.8525979518890381
0.8862302899360657	0.18893669545650482	0.15762466192245483
0.32002395391464233	0.20631298422813416	0.6946365833282471
0.8649704456329346	0.7285242676734924	0.15310454368591309
0.5246265530586243	0.11376969516277313	0.3428669571876526
0.49933305382728577	0.7262774705886841	0.5144534111022949
0.7059494256973267	0.6096211075782776	0.12593302130699158
0.5203580856323242	0.46421733498573303	0.5206515789031982
0.2188524454832077	0.32675236463546753	0.29292550683021545
0.629112720489502	0.6959066390991211	0.6497029662132263
0.6963530778884888	0.4701883792877197	0.8630199432373047
0.4394160807132721	0.3466348648071289	0.34621426463127136
0.3640674948692322	0.16722925007343292	0.8862302899360657
0.8798577189445496	0.14017030596733093	0.7548243999481201
0.1349509060382843	0.11376969516277313	0.11376969516277313
0.7395846843719482	0.8485721349716187	0.1438174843788147
0.7134537100791931	0.11376969516277313	0.5669524669647217
0.5263961553573608	0.8743107914924622	0.33612966537475586
0.7280480861663818	0.13675229251384735	0.8862302899360657
0.544682502746582	0.30430102348327637	0.11376969516277313
0.11376969516277313	0.48004230856895447	0.3226982653141022
0.5376699566841125	0.2642696797847748	0.8862302899360657
0.29339131712913513	0.5216281414031982	0.11971767991781235
0.7294405698776245	0.6689620614051819	0.8862302899360657
0.15299859642982483	0.8862302899360657	0.8742750287055969
0.11671313643455505	0.6720178723335266	0.4945020377635956
0.48518189787864685	0.15652236342430115	0.5243037939071655
0.3300711214542389	0.5985205769538879	0.5223275423049927
0.7206035256385803	0.2776404321193695	0.7608774304389954
0.7155023813247681	0.14925526082515717	0.16663773357868195
0.34034448862075806	0.8862302899360657	0.8734223246574402
0.4160856008529663	0.4832993149757385	0.8862302899360657
0.8844675421714783	0.646818995475769	0.8862302899360657
0.6920900344848633	0.4181652069091797	0.6570096611976624
0.8516194820404053	0.8862302899360657	0.8862302899360657
0.6101154685020447	0.8862302899360657	0.8666868805885315
0.4014502763748169	0.11376969516277313	0.2767009139060974
0.3126724362373352	0.11376969516277313	0.4828343689441681
0.3976626396179199	0.5730632543563843	0.6915181875228882
0.572085440158844	0.8743176460266113	0.6901457905769348
0.6211501359939575	0.5008829236030579	0.289620578289032
0.11376969516277313	0.8862302899360657	0.3652383089065552
0.11691296100616455	0.34595057368278503	0.7450743317604065
0.3661704957485199	0.8862302899360657	0.2067156732082367
0.6680594086647034	0.5854753255844116	0.4992770552635193
0.4188351035118103	0.6633259654045105	0.2763330638408661
0.8696238994598389	0.4752853512763977	0.12071631848812103
0.29808247089385986	0.7363606095314026	0.11376969516277313
0.13394388556480408	0.8862302899360657	0.6060998439788818
0.5629056692123413	0.8862302899360657	0.11376969516277313
0.2609834372997284	0.4640246033668518	0.715324878692627
0.2916613817214966	0.2945225238800049	0.11376969516277313
0.11376969516277313	0.5177407264709473	0.8862302899360657
0.8657545447349548	0.14095576107501984	0.3212670385837555
0.4187355041503906	0.7180527448654175	0.8862302899360657
0.5164612531661987	0.14843687415122986	0.11376969516277313
0.7125563621520996	0.8667214512825012	0.7155629396438599
0.2204049676656723	0.6981638669967651	0.3253580927848816
0.7648645639419556	0.30253124237060547	0.20777256786823273
0.11376969516277313	0.16907276213169098	0.3144044578075409
0.8862302899360657	0.32569602131843567	0.4103756546974182
0.8643836975097656	0.2967090904712677	0.8658902049064636
0.8015329837799072	0.5046629309654236	0.3406808078289032
0.11376969516277313	0.5058122277259827	0.5869407057762146
0.3384547233581543	0.8862302899360657	0.5139160752296448
0.11376969516277313	0.6853330135345459	0.1163383424282074
